{"cameraMode":{"drawMode":0,"name":"Shaded","section":"Shading Mode"},"sceneLighting":true,"audioPlay":false,"sceneViewState":{"m_AlwaysRefresh":false,"showFog":true,"showSkybox":true,"showFlares":true,"showImageEffects":true,"showParticleSystems":true,"showVisualEffectGraphs":true,"m_FxEnabled":true},"in2DMode":false,"pivot":{"x":17.79595184326172,"y":-1.4094302654266358,"z":15.37618637084961},"rotation":{"x":0.04662426561117172,"y":0.4680481553077698,"z":-0.024750415235757829,"w":0.8821420073509216},"size":17.064332962036134,"orthographic":false}