{"cameraMode":{"drawMode":0,"name":"Shaded","section":"Shading Mode"},"sceneLighting":true,"audioPlay":false,"sceneViewState":{"m_AlwaysRefresh":false,"showFog":true,"showSkybox":true,"showFlares":true,"showImageEffects":true,"showParticleSystems":true,"showVisualEffectGraphs":true,"m_FxEnabled":true},"in2DMode":false,"pivot":{"x":-3.3452844619750978,"y":-1.8082917928695679,"z":5.121962547302246},"rotation":{"x":-0.12490503489971161,"y":0.2463914155960083,"z":-0.032044343650341037,"w":-0.9605517983436585},"size":7.230082988739014,"orthographic":false}