{"cameraMode":{"drawMode":0,"name":"Shaded","section":"Shading Mode"},"sceneLighting":true,"audioPlay":false,"sceneViewState":{"m_AlwaysRefresh":false,"showFog":true,"showSkybox":true,"showFlares":true,"showImageEffects":true,"showParticleSystems":true,"showVisualEffectGraphs":true,"m_FxEnabled":true},"in2DMode":false,"pivot":{"x":1.4136624336242676,"y":-0.4036189317703247,"z":-0.6304903030395508},"rotation":{"x":-0.18779557943344117,"y":-0.4510824978351593,"z":0.09772917628288269,"w":-0.8670479655265808},"size":1.7093355655670167,"orthographic":false}