{"cameraMode":{"drawMode":0,"name":"Shaded","section":"Shading Mode"},"sceneLighting":true,"audioPlay":false,"sceneViewState":{"m_AlwaysRefresh":false,"showFog":true,"showSkybox":true,"showFlares":true,"showImageEffects":true,"showParticleSystems":true,"showVisualEffectGraphs":true,"m_FxEnabled":true},"in2DMode":false,"pivot":{"x":24.745445251464845,"y":-11.454850196838379,"z":5.8272786140441898},"rotation":{"x":0.19595037400722505,"y":0.5580449104309082,"z":-0.1376461386680603,"w":0.7945259213447571},"size":17.064332962036134,"orthographic":false}